,case_id,height,cohesion,friction_angle,unit_weight,water_depth_ratio,fs_fellenius,fs_bishop,fs_average,slope_angle,upper_angle,lower_angle
count,356.0,356.0,356.0,356.0,356.0,356.0,356.0,356.0,356.0,356.0,356.0,356.0
mean,1009.0028089887641,28.91306177621264,9.978465808236757,29.997774120524447,19.127649112036075,0.46238681450628916,0.9390956480151348,0.09999999999999998,0.5195478240075674,45.95946259744633,45.95946259744633,45.95946259744633
std,551.9279729421503,12.42039358195798,9.876887829762605,7.366669908436155,1.4947495237765533,0.20012403256282438,1.214092994330467,6.531740513863658e-16,0.6070464971652334,12.526886772946114,12.526886772946114,12.526886772946114
min,5.0,5.337331833043033,0.02638032874328511,12.82770455365327,16.005282653005178,0.047810837396077055,0.10053107947620377,0.1,0.10026553973810189,20.132412297494266,20.132412297494266,20.132412297494266
25%,530.5,18.103883114104438,2.437018738397968,25.207828497481806,18.108255325081714,0.297501112415406,0.2182907765950613,0.1,0.15914538829753067,35.90516939284752,35.90516939284752,35.90516939284752
50%,976.5,28.795689562642757,4.845624076641678,28.996123810726573,19.172194195998173,0.47155703909579844,0.4633589598019244,0.1,0.2816794799009622,46.1503370337615,46.1503370337615,46.1503370337615
75%,1479.0,40.115204975723145,16.18567307536923,35.041026126084915,20.24223495611403,0.6422846706462261,1.0823159621103207,0.1,0.5911579810551604,55.69518187743653,55.69518187743653,55.69518187743653
max,1996.0,49.934563747592264,49.31614511695278,44.879558533635446,21.998679224508678,0.7979292919536737,7.101604030126429,0.1,3.6008020150632145,69.8934180007893,69.8934180007893,69.8934180007893
